{
  "ABIRoot": {
    "kind": "Root",
    "name": "TopLevel",
    "printedName": "TopLevel",
    "children": [
      {
        "kind": "Import",
        "name": "Foundation",
        "printedName": "Foundation",
        "declKind": "Import",
        "moduleName": "linkid_mmp",
        "declAttributes": [
          "RawDocComment"
        ]
      },
      {
        "kind": "Import",
        "name": "KeychainSwift",
        "printedName": "KeychainSwift",
        "declKind": "Import",
        "moduleName": "linkid_mmp"
      },
      {
        "kind": "Import",
        "name": "Foundation",
        "printedName": "Foundation",
        "declKind": "Import",
        "moduleName": "linkid_mmp"
      },
      {
        "kind": "TypeDecl",
        "name": "LinkIdMMP",
        "printedName": "LinkIdMMP",
        "children": [
          {
            "kind": "Function",
            "name": "event",
            "printedName": "event(name:data:)",
            "children": [
              {
                "kind": "TypeNominal",
                "name": "Void",
                "printedName": "()"
              },
              {
                "kind": "TypeNominal",
                "name": "String",
                "printedName": "Swift.String",
                "usr": "s:SS"
              },
              {
                "kind": "TypeNominal",
                "name": "Optional",
                "printedName": "[Swift.String : Any]?",
                "children": [
                  {
                    "kind": "TypeNominal",
                    "name": "Dictionary",
                    "printedName": "[Swift.String : Any]",
                    "children": [
                      {
                        "kind": "TypeNominal",
                        "name": "String",
                        "printedName": "Swift.String",
                        "usr": "s:SS"
                      },
                      {
                        "kind": "TypeNominal",
                        "name": "ProtocolComposition",
                        "printedName": "Any"
                      }
                    ],
                    "usr": "s:SD"
                  }
                ],
                "usr": "s:Sq"
              }
            ],
            "declKind": "Func",
            "usr": "s:10linkid_mmp9LinkIdMMPC5event4name4dataySS_SDySSypGSgtFZ",
            "mangledName": "$s10linkid_mmp9LinkIdMMPC5event4name4dataySS_SDySSypGSgtFZ",
            "moduleName": "linkid_mmp",
            "static": true,
            "declAttributes": [
              "Final",
              "AccessControl"
            ],
            "funcSelfKind": "NonMutating"
          },
          {
            "kind": "Function",
            "name": "intSDK",
            "printedName": "intSDK(partnerCode:appId:)",
            "children": [
              {
                "kind": "TypeNominal",
                "name": "Void",
                "printedName": "()"
              },
              {
                "kind": "TypeNominal",
                "name": "String",
                "printedName": "Swift.String",
                "usr": "s:SS"
              },
              {
                "kind": "TypeNominal",
                "name": "String",
                "printedName": "Swift.String",
                "usr": "s:SS"
              }
            ],
            "declKind": "Func",
            "usr": "s:10linkid_mmp9LinkIdMMPC6intSDK11partnerCode03appD0ySS_SStFZ",
            "mangledName": "$s10linkid_mmp9LinkIdMMPC6intSDK11partnerCode03appD0ySS_SStFZ",
            "moduleName": "linkid_mmp",
            "static": true,
            "declAttributes": [
              "Final",
              "AccessControl"
            ],
            "funcSelfKind": "NonMutating"
          }
        ],
        "declKind": "Class",
        "usr": "s:10linkid_mmp9LinkIdMMPC",
        "mangledName": "$s10linkid_mmp9LinkIdMMPC",
        "moduleName": "linkid_mmp",
        "declAttributes": [
          "AccessControl"
        ],
        "hasMissingDesignatedInitializers": true
      },
      {
        "kind": "Import",
        "name": "Foundation",
        "printedName": "Foundation",
        "declKind": "Import",
        "moduleName": "linkid_mmp",
        "declAttributes": [
          "RawDocComment"
        ]
      },
      {
        "kind": "Import",
        "name": "Foundation",
        "printedName": "Foundation",
        "declKind": "Import",
        "moduleName": "linkid_mmp",
        "declAttributes": [
          "RawDocComment"
        ]
      },
      {
        "kind": "Import",
        "name": "CryptoSwift",
        "printedName": "CryptoSwift",
        "declKind": "Import",
        "moduleName": "linkid_mmp"
      },
      {
        "kind": "Import",
        "name": "Foundation",
        "printedName": "Foundation",
        "declKind": "Import",
        "moduleName": "linkid_mmp",
        "declAttributes": [
          "RawDocComment"
        ]
      },
      {
        "kind": "Import",
        "name": "Foundation",
        "printedName": "Foundation",
        "declKind": "Import",
        "moduleName": "linkid_mmp",
        "declAttributes": [
          "RawDocComment"
        ]
      },
      {
        "kind": "Import",
        "name": "SQLite",
        "printedName": "SQLite",
        "declKind": "Import",
        "moduleName": "linkid_mmp"
      },
      {
        "kind": "Import",
        "name": "Foundation",
        "printedName": "Foundation",
        "declKind": "Import",
        "moduleName": "linkid_mmp",
        "declAttributes": [
          "RawDocComment"
        ]
      },
      {
        "kind": "Import",
        "name": "Foundation",
        "printedName": "Foundation",
        "declKind": "Import",
        "moduleName": "linkid_mmp",
        "declAttributes": [
          "RawDocComment"
        ]
      }
    ],
    "json_format_version": 8
  },
  "ConstValues": [
    {
      "filePath": "\/Users\/leonacky\/Data\/dev\/2022\/linkid_mmp\/linkid_mmp\/Classes\/TrackingEvent.swift",
      "kind": "IntegerLiteral",
      "offset": 196,
      "length": 2,
      "value": "10"
    },
    {
      "filePath": "\/Users\/leonacky\/Data\/dev\/2022\/linkid_mmp\/linkid_mmp\/Classes\/TrackingEvent.swift",
      "kind": "IntegerLiteral",
      "offset": 263,
      "length": 3,
      "value": "100"
    },
    {
      "filePath": "\/Users\/leonacky\/Data\/dev\/2022\/linkid_mmp\/linkid_mmp\/Classes\/TrackingEvent.swift",
      "kind": "Array",
      "offset": 346,
      "length": 2,
      "value": "[]"
    },
    {
      "filePath": "\/Users\/leonacky\/Data\/dev\/2022\/linkid_mmp\/linkid_mmp\/Classes\/TrackingEvent.swift",
      "kind": "IntegerLiteral",
      "offset": 553,
      "length": 1,
      "value": "1"
    },
    {
      "filePath": "\/Users\/leonacky\/Data\/dev\/2022\/linkid_mmp\/linkid_mmp\/Classes\/TrackingEvent.swift",
      "kind": "IntegerLiteral",
      "offset": 715,
      "length": 1,
      "value": "0"
    },
    {
      "filePath": "\/Users\/leonacky\/Data\/dev\/2022\/linkid_mmp\/linkid_mmp\/Classes\/TrackingEvent.swift",
      "kind": "BooleanLiteral",
      "offset": 753,
      "length": 5,
      "value": "false"
    }
  ]
}